Package,UUID,Type,SHA1,Size,Dynamic,Reason
d7JXcoup.AutoCommon_re6SjviS,d7JXcoup.bmk88b5acxi-mde7s29n-g3ive0f5pfm-C_CYuanChengGuai.~@FFSKIN,Mesh,rDPzWPgaTqf9Fhfw3XUGHNspOCQ=,20582,,
d7JXcoup.AutoCommon_re6SjviS,d7JXcoup.glvebd7m03m-m03lt4wk-7wxymv3fjb-C_Zombie_01.~@FFSKIN,Mesh,m6ynmf+HFdn35yszArLTbZxOGnE=,16419,,
d7JXcoup.AutoCommon_re6SjviS,d7JXcoup.6z5rzcb6zuk-lzs1onvh-prec8jqapn,AnimationController,ioeqVB4L/bh6p6tnRZU7udU5Ho4=,1786,,
d7JXcoup.AutoCommon_re6SjviS,d7JXcoup.bmk88b5acxi-mde7s29n-g3ive0f5pfm-C_GrenadierZombie_01.sk,Skeleton,Y7w81r8V3q3jBZK5YXnLPVWTbjQ=,1404,,
d7JXcoup.AutoCommon_re6SjviS,d7JXcoup.glvebd7m03m-m03lt4wk-7wxymv3fjb-C_Zombie_01.sk,Skeleton,9tYWpHaZa1zo6C0p+GFU2l/rlSE=,1277,,
d7JXcoup.AutoCommon_re6SjviS,d7JXcoup.htr43o197am-m2cplsmp-va0am9uj8jk,AnimationController,h2NCalu4R6Awk/VBpnGlHOKXG3g=,985,,
d7JXcoup.AutoCommon_re6SjviS,d7JXcoup.z92cgnfg2df-lzuxmmc5-hqjmki9sazv-DoDDweTl-bone,Avatar,rDmbOAKZ4pCcLKxNiSEkoaGhI74=,561,,
d7JXcoup.AutoCommon_re6SjviS,d7JXcoup.s1ys4w63d4-mhctomfr-gkrblrpqng,CSV,HgiMm88Fv/mINICDZrY4Mk97FBo=,1159,,
d7JXcoup.AutoCommon_re6SjviS,d7JXcoup.rgg4h4kfk8q-m2cplspy-0jndmgmlzdgm-DoDDweTl-bone,Avatar,vG5lXOgv64GmjXHzFRLYTbj9lZk=,421,,
d7JXcoup.AutoCommon_re6SjviS,d7JXcoup.qvynabkauac-mhctomfo-m27x1ilqm9q,CSV,JR72gLKuHxSuEluKdkSpG/s9FS0=,2109,,
d7JXcoup.AutoCommon_re6SjviS,d7JXcoup.a5m3q0nei0l-m36qlej6-pvrwe01kcxc-Attack02.Anim-evented,EventAnimationClip,Wsz223WHSyIAV0UzPOSmyLbdFc0=,166,,
d7JXcoup.AutoCommon_re6SjviS,d7JXcoup.2vk85o9y9pk-m36qleox-fg4ggbeb8e-Death.Anim-evented,EventAnimationClip,F2IzmV/qDUytvvj94GUgF9Ssvtc=,155,,
d7JXcoup.AutoCommon_re6SjviS,d7JXcoup.rgg4h4kfk8q-m2cplspy-0jndmgmlzdgm-DoDDweTl-boneHXwlwpWa,GameObject,XMU1Ae7ijSjJmyoolvpLDvwiCKg=,116,,
d7JXcoup.AutoCommon_re6SjviS,d7JXcoup.rgg4h4kfk8q-m2cplspy-0jndmgmlzdgm-DoDDweTl-bonefvSpJFQE,GameObject,IEuX2j91uoZuB1ItNkNxEtX+h24=,115,,
d7JXcoup.AutoCommon_re6SjviS,d7JXcoup.z92cgnfg2df-lzuxmmc5-hqjmki9sazv-DoDDweTl-bonesTcFcN0V,GameObject,LIrNvsqWpaFyjgKB88KlU5d1M9Y=,110,,
d7JXcoup.AutoCommon_re6SjviS,d7JXcoup.z92cgnfg2df-lzuxmmc5-hqjmki9sazv-DoDDweTl-boneWWkdmrYz,GameObject,Kn0L3UMil7kt+tmacaXAI9nYkr8=,110,,
d7JXcoup.AutoCommon_re6SjviS,d7JXcoup.z92cgnfg2df-lzuxmmc5-hqjmki9sazv-DoDDweTl-boneFZDn0fhG,GameObject,/whuq8rI22GqcXSvlj7aZh/C8b8=,110,,
d7JXcoup.AutoCommon_re6SjviS,d7JXcoup.4952hjk80wm-m00s96gj-nsydh6ortl-Dead_Forward_Fly_01.Anim-evented,EventAnimationClip,dq1cD1nIPcqaJuV7GVl/vsZ339U=,103,,
d7JXcoup.AutoCommon_re6SjviS,d7JXcoup.46hkng3wufa-m00s979c-hd8hb27nyoe-Hit_Body_Forward_M.Anim-evented,EventAnimationClip,D6o211of5r/PwocDF64oLb4CztY=,102,,
d7JXcoup.AutoCommon_re6SjviS,d7JXcoup.ym8uq429h6j-m00s974i-k8jobg1jlpf-Hit_Body_Forward_L.Anim-evented,EventAnimationClip,a2npmdbsTxmE1O7bdKPKRcG6ouY=,102,,
d7JXcoup.AutoCommon_re6SjviS,d7JXcoup.k8eib5ugllh-m00s97dv-g67lxv3fn8c-Hit_Body_Forward_R.Anim-evented,EventAnimationClip,x3kvT1VH4OEruRSqQOyOm8Ct90s=,102,,
d7JXcoup.AutoCommon_re6SjviS,d7JXcoup.mqasgmmiia-m00s961z-obl24qaursk-Dead_Back_Fly_01.Anim-evented,EventAnimationClip,cpalKox62sGQwc3Zlnr+iDg27t8=,97,,
d7JXcoup.AutoCommon_re6SjviS,d7JXcoup.a8j7coo4f8n-m00s95i8-8r1j40j4uzo-attack01.Anim-evented,EventAnimationClip,I7D9goW+aDB8TicueOZEK2lzY90=,82,,
d7JXcoup.AutoCommon_re6SjviS,d7JXcoup.fkdm510f35n-m00s95n2-92dqala69af-attack02.Anim-evented,EventAnimationClip,NOuz3aHhfmCMyXJsGlHOEPc6i6w=,82,,
d7JXcoup.AutoCommon_re6SjviS,d7JXcoup.u7lqkze7wgj-m00s98uy-3aot4f3jcvl-Wander02.Anim-evented,EventAnimationClip,dYmE9OjnS04UH4zaKB2hURnoGoY=,82,,
d7JXcoup.AutoCommon_re6SjviS,d7JXcoup.oxtw5j92u8e-m36qlfax-bhv2gu97rzi-RunAway.Anim-evented,EventAnimationClip,W7BdiCpv4UulFX7IYwsrjd7z2cM=,80,,
d7JXcoup.AutoCommon_re6SjviS,d7JXcoup.7pu75leypam-m00s98ge-tce2etb4qcm-walk01.Anim-evented,EventAnimationClip,2ZjAcu/wAjragJGQ+I2lynsM6rc=,78,,
d7JXcoup.AutoCommon_re6SjviS,d7JXcoup.c5jbjr0l1l8-m00s982l-gav4pmypkow-get up.Anim-evented,EventAnimationClip,hbbbJcW3V/5HxvixNbud5SDMfXY=,78,,
d7JXcoup.AutoCommon_re6SjviS,d7JXcoup.ce8ahbgp3x5-m00s97sa-ywfkpjx5mm-Idle01.Anim-evented,EventAnimationClip,r1OlC/TloyCIfPOW9DKzSHkTIUA=,77,,
d7JXcoup.AutoCommon_re6SjviS,d7JXcoup.10cb74q80ej-m36qlf4z-fo3cgrw173b-Idle.Anim-evented,EventAnimationClip,IHWgxVRSRYkYXks+Jr+VDTumcDw=,74,,
d7JXcoup.AutoCommon_re6SjviS,d7JXcoup.n9n3uxya70p-m36qlfg7-885y9vlkjtk-Walk.Anim-evented,EventAnimationClip,XrvyY4pWxp6FbxYMYZGefsVHNlc=,74,,
d7JXcoup.AutoCommon_re6SjviS,d7JXcoup.ysb4p80vmgd-m00s9876-emabv6hj49p-run.Anim-evented,EventAnimationClip,dhGv0ICNky4+X4WPj8UC7aCFhjE=,72,,
d7JXcoup.AutoCommon_re6SjviS,d7JXcoup.m62k7ciptvs-m36qlezd-zeslwt4a3vi-Hit.Anim-evented,EventAnimationClip,LRlKbv7RaReEbTEkJT/ByLntnoE=,72,,
d7JXcoup.ColliderCommon_P52xh7zk,d7JXcoup.5pfvrz33sx-mh1rfjuw-kgrbwdyyk7-yhPDDvaw-collider,Collider,swWhNB8GZO3RxZwrZjgCr2d6eLg=,128,,
d7JXcoup.ColliderCommon_P52xh7zk,d7JXcoup.5pfvrz33sx-mh1rfjuw-kgrbwdyyk7-EwqxpywN-collider,Collider,4l1Wn54wEWaqtpToCYe6New40kY=,64,,
d7JXcoup.ColliderCommon_P52xh7zk,d7JXcoup.5pfvrz33sx-mh1rfjuw-kgrbwdyyk7-dUA08VEH-collider,Collider,4l1Wn54wEWaqtpToCYe6New40kY=,64,,
d7JXcoup.ColliderCommon_P52xh7zk,d7JXcoup.5pfvrz33sx-mh1rfjuw-kgrbwdyyk7-7tzhGD9O-collider,Collider,4l1Wn54wEWaqtpToCYe6New40kY=,64,,
d7JXcoup.ColliderCommon_P52xh7zk,d7JXcoup.5pfvrz33sx-mh1rfjuw-kgrbwdyyk7-dRLtreJt-collider,Collider,4l1Wn54wEWaqtpToCYe6New40kY=,64,,
d7JXcoup.ColliderCommon_P52xh7zk,d7JXcoup.5pfvrz33sx-mh1rfjuw-kgrbwdyyk7-ix03GxD1-collider,Collider,4l1Wn54wEWaqtpToCYe6New40kY=,64,,
d7JXcoup.ColliderCommon_P52xh7zk,d7JXcoup.5pfvrz33sx-mh1rfjuw-kgrbwdyyk7-yRUgg1Xr-collider,Collider,4l1Wn54wEWaqtpToCYe6New40kY=,64,,
d7JXcoup.ColliderCommon_P52xh7zk,d7JXcoup.z92cgnfg2df-lzuxmmc5-hqjmki9sazv-DoDDweTl-collider,Collider,8721ZyzS4U3ed1Dn8aAAqfFV078=,64,,
d7JXcoup.ColliderCommon_P52xh7zk,d7JXcoup.uv7dn8t26x-lzt9sw4f-ug8omzb8lii-FbiodFjI-collider,Collider,A5RLPU9M12IDKGtEtSPUwoG5E2g=,64,,
d7JXcoup.ColliderCommon_P52xh7zk,d7JXcoup.mu9lwhri76n-lzt9ejn3-2fezc29s2hb-FbiodFjI-collider,Collider,xjl0grDbm9GC+fAykXp47x6xBzk=,64,,
d7JXcoup.ColliderCommon_P52xh7zk,d7JXcoup.yis9qyzad5-lzta8qa6-1w70agzyr5o-FbiodFjI-collider,Collider,VWC/6wBlcl8ZMXRaNkvEuyUjp6U=,64,,
d7JXcoup.ColliderCommon_P52xh7zk,d7JXcoup.2kkxj64kc53-lzta9sp5-dfkf738hf1r-FbiodFjI-collider,Collider,xystOEezqvF/ecEb4xs43YBHTSc=,64,,
d7JXcoup.ColliderCommon_P52xh7zk,d7JXcoup.0fnj245t2f4-lztgv24y-hm4jplebgt-FbiodFjI-collider,Collider,kB0WghGPTOfo1jWhbCfROBVeL5Y=,64,,
d7JXcoup.ColliderCommon_P52xh7zk,d7JXcoup.rgg4h4kfk8q-m2cplspy-0jndmgmlzdgm-DoDDweTl-collider,Collider,8721ZyzS4U3ed1Dn8aAAqfFV078=,64,,
d7JXcoup.ColliderCommon_P52xh7zk,d7JXcoup.doah4u122gg-m2cplk1d-nj53tf3qrl-FbiodFjI-collider,Collider,A5RLPU9M12IDKGtEtSPUwoG5E2g=,64,,
d7JXcoup.ColliderCommon_P52xh7zk,d7JXcoup.k9tmo4x1evn-m2cplk1u-axz2kuk67kp-FbiodFjI-collider,Collider,xjl0grDbm9GC+fAykXp47x6xBzk=,64,,
d7JXcoup.ColliderCommon_P52xh7zk,d7JXcoup.sq1f3jucx8-m2cplk1w-a6uqec2g3qm-FbiodFjI-collider,Collider,VWC/6wBlcl8ZMXRaNkvEuyUjp6U=,64,,
d7JXcoup.ColliderCommon_P52xh7zk,d7JXcoup.njaoy1qj23-m2cplk1y-fwxadtaq488-FbiodFjI-collider,Collider,xystOEezqvF/ecEb4xs43YBHTSc=,64,,
d7JXcoup.ColliderCommon_P52xh7zk,d7JXcoup.p2hgnzl13n9-m2cplk20-kzx6timgiu-FbiodFjI-collider,Collider,kB0WghGPTOfo1jWhbCfROBVeL5Y=,64,,
d7JXcoup.AutoClient_Z6gheu5Y,d7JXcoup.2vk85o9y9pk-m36qleox-fg4ggbeb8e-Death.Anim,EventAnimationClip,xhXmMQqHUw7ci+uT1TaUngdAQDQ=,95365,,
d7JXcoup.AutoClient_Z6gheu5Y,d7JXcoup.u7lqkze7wgj-m00s98uy-3aot4f3jcvl-Wander02.Anim,EventAnimationClip,7KDMd0sMi16gju2rY+6IA4V95k0=,93464,,
d7JXcoup.AutoClient_Z6gheu5Y,d7JXcoup.ce8ahbgp3x5-m00s97sa-ywfkpjx5mm-Idle01.Anim,EventAnimationClip,Kaukc7Wu4+TWMOVkAltur02briM=,84836,,
d7JXcoup.AutoClient_Z6gheu5Y,d7JXcoup.10cb74q80ej-m36qlf4z-fo3cgrw173b-Idle.Anim,EventAnimationClip,5u14o1S3rSFYO7EZMXyo1ko0Cn4=,83343,,
d7JXcoup.AutoClient_Z6gheu5Y,d7JXcoup.7pu75leypam-m00s98ge-tce2etb4qcm-walk01.Anim,EventAnimationClip,AkXtme8FyFLyr7ECqHSG8NJPiMU=,79460,,
d7JXcoup.AutoClient_Z6gheu5Y,d7JXcoup.4952hjk80wm-m00s96gj-nsydh6ortl-Dead_Forward_Fly_01.Anim,EventAnimationClip,ghN/6eZI4pZYfkksfhxKQ9Ni3XQ=,75706,,
d7JXcoup.AutoClient_Z6gheu5Y,d7JXcoup.c5jbjr0l1l8-m00s982l-gav4pmypkow-get up.Anim,EventAnimationClip,oahK0VfKzM4wU6f1MEiaqsPnOw0=,75392,,
d7JXcoup.AutoClient_Z6gheu5Y,d7JXcoup.a5m3q0nei0l-m36qlej6-pvrwe01kcxc-Attack02.Anim,EventAnimationClip,TdupGF3l6UDT2xit0yr3TYISjUY=,70479,,
d7JXcoup.AutoClient_Z6gheu5Y,d7JXcoup.n9n3uxya70p-m36qlfg7-885y9vlkjtk-Walk.Anim,EventAnimationClip,9aZum2wmDSCuepL9EiP+ckExP/c=,63799,,
d7JXcoup.AutoClient_Z6gheu5Y,d7JXcoup.oxtw5j92u8e-m36qlfax-bhv2gu97rzi-RunAway.Anim,EventAnimationClip,O1WcjoEIdp2RCP6HHA567bLgrHA=,63077,,
d7JXcoup.AutoClient_Z6gheu5Y,d7JXcoup.mqasgmmiia-m00s961z-obl24qaursk-Dead_Back_Fly_01.Anim,EventAnimationClip,S3ddGWzod142gqsZXDlPF9ADUm4=,58284,,
d7JXcoup.AutoClient_Z6gheu5Y,d7JXcoup.a8j7coo4f8n-m00s95i8-8r1j40j4uzo-attack01.Anim,EventAnimationClip,i5cwwY11S0qdBtElG/+/5WlXyrQ=,58212,,
d7JXcoup.AutoClient_Z6gheu5Y,d7JXcoup.fkdm510f35n-m00s95n2-92dqala69af-attack02.Anim,EventAnimationClip,HgDNGGWS7Ml3tC7DTBBdiNuafWY=,56504,,
d7JXcoup.AutoClient_Z6gheu5Y,d7JXcoup.m62k7ciptvs-m36qlezd-zeslwt4a3vi-Hit.Anim,EventAnimationClip,QkpBbB7QEwsrgeT5E5Cma7Mwfas=,42973,,
d7JXcoup.AutoClient_Z6gheu5Y,d7JXcoup.ysb4p80vmgd-m00s9876-emabv6hj49p-run.Anim,EventAnimationClip,CQYLDYqHI9WNyxs03T+Jp/eZeAo=,41934,,
d7JXcoup.AutoClient_Z6gheu5Y,d7JXcoup.k8eib5ugllh-m00s97dv-g67lxv3fn8c-Hit_Body_Forward_R.Anim,EventAnimationClip,vghkVtxCdlZdHS7Sp46GtvvInSc=,36840,,
d7JXcoup.AutoClient_Z6gheu5Y,d7JXcoup.ym8uq429h6j-m00s974i-k8jobg1jlpf-Hit_Body_Forward_L.Anim,EventAnimationClip,BWjmE1S45gGqBjQpZMmvIMnCD9U=,36672,,
d7JXcoup.AutoClient_Z6gheu5Y,d7JXcoup.46hkng3wufa-m00s979c-hd8hb27nyoe-Hit_Body_Forward_M.Anim,EventAnimationClip,RwNBVuiRaV8/u7iJkZMH5yqJA+8=,35328,,
d7JXcoup.AutoClient_Z6gheu5Y,d7JXcoup.hn9btrfbgsn-m10h1zfm-xvunzc86ie9,Material,MwAqQnIMYZnJFhLCJ/7aoVAOKj4=,180,,
d7JXcoup.AutoClient_Z6gheu5Y,d7JXcoup.0w1woh3g172-lzs3gk5x-4spkugwr4m4,Material,BDtBFw8rw7wyRutcBsNRTh2+tRQ=,179,,
d7JXcoup.AutoClient_Z6gheu5Y,d7JXcoup.kizyd0f9ofe-m2cq1atj-q0mm14epw4e,Material,84K/+x6uVmxdwFXPk4y3VgYbqR4=,179,,
d7JXcoup.AutoClient_Z6gheu5Y,d7JXcoup.fkjn3hb7ehl-lzs3ehkz-5g2op7h9p7c,Material,HKCcRpmOh7oIGG7m2+2jmI0YQuA=,178,,
d7JXcoup.AutoPlatformed_eBqZerrT,d7JXcoup.k4tfd99b33d-m03lsy91-gjbes9dxb8i,Texture2D,9kWpCSP7rWA9F7vrTHMBq3Dur5k=,1140960,,
d7JXcoup.AutoPlatformed_eBqZerrT,d7JXcoup.12phgee9rxmk-m03lszrd-8vwse45ggbm,Texture2D,DEf2N9tHAR5gKvaZsUsd0bsG3IM=,285957,,
d7JXcoup.AutoPlatformed_eBqZerrT,d7JXcoup.pbam00wymv-m03lszy0-qib9fqde20f,Texture2D,NsSTO7tjo0zpCpi/TI7qbiUYQ9c=,285957,,
d7JXcoup.AutoPlatformed_eBqZerrT,d7JXcoup.oyqxmhp1vxg-mde7s1p4-35ljqxg3gp6,Texture2D,buTO1i5KOF4aeVwQOusAvvrXNnI=,285957,,
d7JXcoup.AutoClient_wrMuovak,d7JXcoup.db51ndysmli-m2d1a2vj-chzaic851v,Material,/QjvPBNSEsMf6UC5wtpXpSDEfUU=,178,,
d7JXcoup.AutoPlatformed_UXgXhIz7,d7JXcoup.ikul9s9ub0a-mde7s1tv-yyhvsqxe4f,Texture2D,bn/xDzFu7y7c3gUv79XeoDUVdGM=,285957,,
d7JXcoup.AutoCommon_p5dt1C2B,d7JXcoup.zzyryupnhu-m1keubt9-dlget6digms-B_tank_12.~@FFSKIN,Mesh,N5tyfnc6dxkHv46atW2uKeQ4C6A=,37011,,
d7JXcoup.AutoCommon_p5dt1C2B,d7JXcoup.4yqoraz9b1c-m1keudqz-u57ljb8av5h,AnimationController,nHOm4ELljv2XV4YJBdzvLII/7lU=,3370,,
d7JXcoup.AutoCommon_p5dt1C2B,d7JXcoup.ujg7fb5avzr-m1keud8x-iv94sp07ph-Tank_Shield.~@FFFUB,Mesh,Kfui3Q4CO1QPuqLKuxUrIvrTBL4=,2310,,
d7JXcoup.AutoCommon_p5dt1C2B,d7JXcoup.piachgmsydf-m1keud0b-t4x17uh9lh-C_TankZombie03_Rig.sk,Skeleton,MV3c7BMEteeUjGM1L9uKF43dWO8=,2007,,
d7JXcoup.AutoCommon_p5dt1C2B,d7JXcoup.sy8h11wtes-m1keszqe-1wfsc0otvbb-DoDDweTl-bone,Avatar,nkrgKH53mDbwUrvm5gALlShha5k=,407,,
d7JXcoup.AutoCommon_p5dt1C2B,d7JXcoup.tj437mhsi4p-m1keub4y-omk938lb5e-C_TankZombie03@CriticalHit.Anim-evented,EventAnimationClip,PkhuRBw52OFZV51ZChCh21l6k7w=,198,,
d7JXcoup.AutoCommon_p5dt1C2B,d7JXcoup.umr11li9rpn-m1keualx-0bisdgdx9kgn-C_TankZombie03@Attack01.Anim-evented,EventAnimationClip,nX6d7k9x3dW5PlWmtbqMCfxHkXw=,194,,
d7JXcoup.AutoCommon_p5dt1C2B,d7JXcoup.9ldhd9jvcjc-m1keuaqn-jghia36c88-C_TankZombie03@Attack02.Anim-evented,EventAnimationClip,rERjCf2sfGc6Cmbd7i7o0kM9yb8=,192,,
d7JXcoup.AutoCommon_p5dt1C2B,d7JXcoup.2yqs79zujy7-m1keuavc-x1r0kze0qq-C_TankZombie03@Attack03.Anim-evented,EventAnimationClip,Y01KTOZ0LZEjBwl+CqHWA/zPwdA=,192,,
d7JXcoup.AutoCommon_p5dt1C2B,d7JXcoup.745p6w7lme6-m1keuben-i77u0j28cz-C_TankZombie03@Death01.Anim-evented,EventAnimationClip,syNS+UM16qvFdvM4NnEn4lpsEIU=,186,,
d7JXcoup.AutoCommon_p5dt1C2B,d7JXcoup.wupqa0ppj2-m1keubjp-gxdlradn0sv-C_TankZombie03@Death02.Anim-evented,EventAnimationClip,sSRQcZOzeWHlHVYeDWV7t5uJ448=,186,,
d7JXcoup.AutoCommon_p5dt1C2B,d7JXcoup.3ontle26rr4-m1keub9x-vp79sk04xul-C_TankZombie03@CriticalHitStart.Anim-evented,EventAnimationClip,cdDboT+5h/UY4yxHvxbHUJFY8HI=,128,,
d7JXcoup.AutoCommon_p5dt1C2B,d7JXcoup.fgoix2pxlua-m1keuch5-7rn550b6qza-C_TankZombie03@ShieldBreaking.Anim-evented,EventAnimationClip,tynecfka4JIYx/3oUMbZGgpB2Zk=,124,,
d7JXcoup.AutoCommon_p5dt1C2B,d7JXcoup.f0l5wq1a2xt-m1keub0g-me9gczmm15-C_TankZombie03@CriticalEnd.Anim-evented,EventAnimationClip,8RSjzx9Gu/zP45ewvCSMCyOaBSU=,117,,
d7JXcoup.AutoCommon_p5dt1C2B,d7JXcoup.sy8h11wtes-m1keszqe-1wfsc0otvbb-DoDDweTl-bonerRwMheYg,GameObject,hJNgl/9Lz2oax3CkO9dk4du2o9Q=,109,,
d7JXcoup.AutoCommon_p5dt1C2B,d7JXcoup.sy8h11wtes-m1keszqe-1wfsc0otvbb-DoDDweTl-bonehZ7fyXi8,GameObject,dKC7D1Rpgw5QvPH7DrwjU1m0g9o=,108,,
d7JXcoup.AutoCommon_p5dt1C2B,d7JXcoup.qkzrartri47-m1keuboi-bugmony82t9-C_TankZombie03@Idle01.Anim-evented,EventAnimationClip,lZ0p49I0GmAeY3Mdm/CyTd2CA7Y=,108,,
d7JXcoup.AutoCommon_p5dt1C2B,d7JXcoup.o8h05o2r8kj-m1keuc7k-xp7x84q3rxf-C_TankZombie03@Move01.Anim-evented,EventAnimationClip,84HxbKJIuWOqTSXWDPn+ORWobLU=,108,,
d7JXcoup.AutoCommon_p5dt1C2B,d7JXcoup.zzyryupnhu-m1keubt9-dlget6digms-C_TankZombie03@Idle02.Anim-evented,EventAnimationClip,UOfmaKUVfbmXTIJKu0m2mR89rbs=,107,,
d7JXcoup.AutoCommon_p5dt1C2B,d7JXcoup.uagzhmo181j-m1keuccf-pvtvs6xtih-C_TankZombie03@Move02.Anim-evented,EventAnimationClip,W1+DJrs/i98taunwcFbGMjqEVjs=,107,,
d7JXcoup.ColliderCommon_ZVbqXCtt,d7JXcoup.sy8h11wtes-m1keszqe-1wfsc0otvbb-DoDDweTl-collider,Collider,8721ZyzS4U3ed1Dn8aAAqfFV078=,64,,
d7JXcoup.AutoClient_IQOc4vOC,d7JXcoup.2yqs79zujy7-m1keuavc-x1r0kze0qq-C_TankZombie03@Attack03.Anim,EventAnimationClip,Dupnn2a2QbRxYm3O5XIvsZEJvpk=,136189,,
d7JXcoup.AutoClient_IQOc4vOC,d7JXcoup.umr11li9rpn-m1keualx-0bisdgdx9kgn-C_TankZombie03@Attack01.Anim,EventAnimationClip,2DUyaN13not/P4k4YA+v9GJFHxA=,136049,,
d7JXcoup.AutoClient_IQOc4vOC,d7JXcoup.745p6w7lme6-m1keuben-i77u0j28cz-C_TankZombie03@Death01.Anim,EventAnimationClip,R7n5UobIxMgK3yIPBQUbKXsJhw8=,127955,,
d7JXcoup.AutoClient_IQOc4vOC,d7JXcoup.wupqa0ppj2-m1keubjp-gxdlradn0sv-C_TankZombie03@Death02.Anim,EventAnimationClip,+Uzm/ufZnkPdI4vzkilxKEVAun0=,120955,,
d7JXcoup.AutoClient_IQOc4vOC,d7JXcoup.fgoix2pxlua-m1keuch5-7rn550b6qza-C_TankZombie03@ShieldBreaking.Anim,EventAnimationClip,SKrns6hA5EG4N751ZqLwl3thK+I=,98935,,
d7JXcoup.AutoClient_IQOc4vOC,d7JXcoup.o8h05o2r8kj-m1keuc7k-xp7x84q3rxf-C_TankZombie03@Move01.Anim,EventAnimationClip,5GJff8wFxFhpYEdhh9appqftZBo=,96313,,
d7JXcoup.AutoClient_IQOc4vOC,d7JXcoup.9ldhd9jvcjc-m1keuaqn-jghia36c88-C_TankZombie03@Attack02.Anim,EventAnimationClip,5oMh+Rivr9+HUAK3S6fJ2XUjz94=,92572,,
d7JXcoup.AutoClient_IQOc4vOC,d7JXcoup.uagzhmo181j-m1keuccf-pvtvs6xtih-C_TankZombie03@Move02.Anim,EventAnimationClip,LLPsJAb0QWsLgHDXlCdyFX8FZpU=,91749,,
d7JXcoup.AutoClient_IQOc4vOC,d7JXcoup.f0l5wq1a2xt-m1keub0g-me9gczmm15-C_TankZombie03@CriticalEnd.Anim,EventAnimationClip,waPmK41gVYpmsXweK5XYTV0IyuU=,87307,,
d7JXcoup.AutoClient_IQOc4vOC,d7JXcoup.3ontle26rr4-m1keub9x-vp79sk04xul-C_TankZombie03@CriticalHitStart.Anim,EventAnimationClip,uk0UStC+1N9kty+T2VV+PcgwUOU=,79645,,
d7JXcoup.AutoClient_IQOc4vOC,d7JXcoup.zzyryupnhu-m1keubt9-dlget6digms-C_TankZombie03@Idle02.Anim,EventAnimationClip,lMy8ewzyKm7kKsst3uVWrVSgsWo=,72443,,
d7JXcoup.AutoClient_IQOc4vOC,d7JXcoup.qkzrartri47-m1keuboi-bugmony82t9-C_TankZombie03@Idle01.Anim,EventAnimationClip,2kv9SI9u6WeKF5CioZKcO5GODQQ=,61677,,
d7JXcoup.AutoClient_IQOc4vOC,d7JXcoup.tj437mhsi4p-m1keub4y-omk938lb5e-C_TankZombie03@CriticalHit.Anim,EventAnimationClip,lCHt0xbb5eKXqEZXwb7sAnNLEVY=,50319,,
d7JXcoup.AutoClient_IQOc4vOC,d7JXcoup.enfw3mhyq35-m1keu9zg-b2wmxtkxvsd,Material,8rNMHNr872seDWYhDdkT+Y6TJts=,180,,
d7JXcoup.AutoPlatformed_mexb7krB,d7JXcoup.7hzycpf61q6-m1keudj7-04rip480ficx,Texture2D,/W2MOkt+F6v1jmDO1Mn3E+ynUic=,285957,,
d7JXcoup.AutoCommon_gpIFBRE7,d7JXcoup.sy8h11wtes-m1keszqe-1wfsc0otvbb-DoDDweTl_ep-bone,Avatar,UM+cq5bNdu0D7pUJyu7rizTRI8Y=,413,,removed no resource
d7JXcoup.AutoCommon_gpIFBRE7,d7JXcoup.sy8h11wtes-m1keszqe-1wfsc0otvbb-DoDDweTl_ep-bonerRwMheYg,GameObject,hJNgl/9Lz2oax3CkO9dk4du2o9Q=,109,,removed no resource
d7JXcoup.AutoCommon_gpIFBRE7,d7JXcoup.sy8h11wtes-m1keszqe-1wfsc0otvbb-DoDDweTl_ep-bonehZ7fyXi8,GameObject,dKC7D1Rpgw5QvPH7DrwjU1m0g9o=,108,,removed no resource
d7JXcoup.ColliderCommon_vVUqj7Ua,d7JXcoup.sy8h11wtes-m1keszqe-1wfsc0otvbb-DoDDweTl_ep-collider,Collider,8721ZyzS4U3ed1Dn8aAAqfFV078=,64,,removed no resource
d7JXcoup.ColliderCommon_vVUqj7Ua,d7JXcoup.3j1fx67mcux-m1keu9xs-hefvopzgay7-FbiodFjI-collider,Collider,Tt9IQy28A1nKkd2pLdB68G3JyMQ=,64,,
d7JXcoup.ColliderCommon_vVUqj7Ua,d7JXcoup.hxpco0ezpb-m1keu9xt-1td9rajcaie-FbiodFjI-collider,Collider,xjl0grDbm9GC+fAykXp47x6xBzk=,64,,
d7JXcoup.ColliderCommon_vVUqj7Ua,d7JXcoup.te73x9ppqbp-m1keu9xu-g038tl217kq-FbiodFjI-collider,Collider,9tUNVo6m+a9sYys/490C6kOToWI=,64,,
d7JXcoup.ColliderCommon_vVUqj7Ua,d7JXcoup.vymer0ezft-m1keu9xv-3ss8ukt16ef-FbiodFjI-collider,Collider,zHyjBE/SPV7BVbe4a2nmiF1MpFI=,64,,
d7JXcoup.ColliderCommon_vVUqj7Ua,d7JXcoup.i94yuogkk3-m1keu9xx-h69bwhxcth9-FbiodFjI-collider,Collider,ozf//GW6LJzmgbnSSu+7r6tZ5MM=,64,,
d7JXcoup.ColliderCommon_vVUqj7Ua,d7JXcoup.ys929fdi6hg-m1keu9xy-01kdedeglzom-FbiodFjI-collider,Collider,sDwcIlMzxMqakILNJe+pV8diCPo=,64,,
d7JXcoup.ColliderCommon_pQBYC41Z,d7JXcoup.5pfvrz33sx-mh1rfjuw-kgrbwdyyk7-sBgNnYXm-collider,Collider,4l1Wn54wEWaqtpToCYe6New40kY=,64,,removed no resource
d7JXcoup.ColliderCommon_rQuSFe3x,d7JXcoup.5pfvrz33sx-mh1rfjuw-kgrbwdyyk7-Yik0yYo9-collider,Collider,4l1Wn54wEWaqtpToCYe6New40kY=,64,,removed no resource
d7JXcoup.AutoCommon_oMV2OUBn,d7JXcoup.a5cz46btyp6-micz9thq-j3gywp60p1,CSV,uUtZNIcKhbrfwZM5+ICwsvULahw=,2577,,
d7JXcoup.AutoCommon_gnq3W9XB,d7JXcoup.5qmymn6svoq-micz9tiq-atztn60erh,CSV,G/JGv73PvK85jkk5wAamF/cxGBQ=,2360,,
d7JXcoup.AutoCommon_GWyy7sSd,d7JXcoup.ti36necezug-miffbjsn-ha4gysapeob,CSV,ATUwffJlhs6M/sl1Ik9acA8AZok=,783,,
d7JXcoup.AutoCommon_K1cRfyp9,d7JXcoup.kmqyo0tlgje-mifq491e-o7bhcky67ud,CSV,lY0ccLJd5im68oTCy2YDp4DOZJY=,365,,
d7JXcoup.AutoCommon_uDdLy60t,d7JXcoup.kt9oxie39jp-m3i77rxm-5elemuiwuhe,AnimationController,zuA3/VBjGXUcgbwzEWx3e+rPQ30=,5110,,
d7JXcoup.AutoCommon_uDdLy60t,d7JXcoup.7vdr3wg3py-m3i77s0z-f13pi4t4ln-DoDDweTl-bone,Avatar,t5sZxXa3AdJZUeLFVKW8J2w/pYc=,685,,
d7JXcoup.AutoCommon_uDdLy60t,d7JXcoup.7vdr3wg3py-m3i77s0z-f13pi4t4ln-DoDDweTl-bone5RkKnvUY,GameObject,z6BNgK9GjLbPhASghxdaG1zFzVs=,116,,
d7JXcoup.AutoCommon_uDdLy60t,d7JXcoup.7vdr3wg3py-m3i77s0z-f13pi4t4ln-DoDDweTl-boneIWhHFKSx,GameObject,cZJsmfD5rSQv/Twdy711pryMlF8=,116,,
d7JXcoup.AutoCommon_uDdLy60t,d7JXcoup.7vdr3wg3py-m3i77s0z-f13pi4t4ln-DoDDweTl-bonepLiSjOJo,GameObject,tO4mNYAGX/0gKcaLFSpeNRH/aOA=,110,,
d7JXcoup.AutoCommon_uDdLy60t,d7JXcoup.7vdr3wg3py-m3i77s0z-f13pi4t4ln-DoDDweTl-bonesP3GtzWF,GameObject,jnFl4lnHqPvfRUgvmPmPbVNv2ww=,110,,
d7JXcoup.AutoCommon_uDdLy60t,,,2jmj7l5rSw0yVb/vlWAYkK/YBwk=,0,,removed no resource
d7JXcoup.ColliderCommon_o1NXbEsQ,d7JXcoup.7vdr3wg3py-m3i77s0z-f13pi4t4ln-DoDDweTl-collider,Collider,p31QsEWJv82x5epo7Xd5WyWlcII=,64,,
d7JXcoup.ColliderCommon_o1NXbEsQ,d7JXcoup.sjn5r40lmrf-m3i77rvs-m20l682v44k-FbiodFjI-collider,Collider,xjl0grDbm9GC+fAykXp47x6xBzk=,64,,
d7JXcoup.ColliderCommon_o1NXbEsQ,d7JXcoup.xy4kqy60hfb-m3i77rvv-mq5mhc9i9b-FbiodFjI-collider,Collider,VWC/6wBlcl8ZMXRaNkvEuyUjp6U=,64,,
d7JXcoup.ColliderCommon_o1NXbEsQ,d7JXcoup.ohq3fw2bbiq-m3i77rvx-yfa6ow8iwo-FbiodFjI-collider,Collider,xystOEezqvF/ecEb4xs43YBHTSc=,64,,
d7JXcoup.ColliderCommon_o1NXbEsQ,d7JXcoup.c6hrd8toz4-m3i77rvz-95malai1y3b-FbiodFjI-collider,Collider,kB0WghGPTOfo1jWhbCfROBVeL5Y=,64,,
d7JXcoup.ColliderCommon_o1NXbEsQ,d7JXcoup.yig94ptzgw-miobaf7r-5uqne6hbweh-FbiodFjI-collider,Collider,Tt9IQy28A1nKkd2pLdB68G3JyMQ=,64,,
d7JXcoup.AutoClient_hOeJ14qO,d7JXcoup.pkvbbg7odgc-mdofzw8x-x7i9x3zlxk7,Material,CIv4vjLC17rOZx6P6dl8VoMwxeA=,235,,
d7JXcoup.AutoClient_hOeJ14qO,d7JXcoup.lawv0ak46k9-m3i6w6ln-r3f9jebeleo,Material,3NDvIU6WrTLjtj1d3MA61QFMNPg=,179,,
d7JXcoup.AutoClient_hOeJ14qO,d7JXcoup.iv6rgaehz3r-m3i6x5ci-md8bj0hrbrf,Material,Ipar+hPxqvv8z1QWYfLiGUtR35g=,179,,
d7JXcoup.AutoPlatformed_ZG7ZxyjM,d7JXcoup.ps44swrwfsg-m3i6roku-98j0v86xxqu,Texture2D,4SRdmnrxliEA0s1HljWuv5mLDvE=,285957,,
d7JXcoup.AutoPlatformed_ZG7ZxyjM,d7JXcoup.7k3be1ej2t5-m3i6roob-z52y6u6rtdk,Texture2D,bMoYzwo/hBTpfAiLcF6slKgpYwQ=,285957,,
d7JXcoup.AutoCommon_vbE8l8u8,d7JXcoup.7vdr3wg3py-m3i77s0z-f13pi4t4ln-DoDDweTl_ep-bone,Avatar,5eo138CQuMcl3Z3d6hgy1bDJpyo=,706,,removed no resource
d7JXcoup.AutoCommon_vbE8l8u8,d7JXcoup.7vdr3wg3py-m3i77s0z-f13pi4t4ln-DoDDweTl_ep-bone5RkKnvUY,GameObject,z6BNgK9GjLbPhASghxdaG1zFzVs=,116,,removed no resource
d7JXcoup.AutoCommon_vbE8l8u8,d7JXcoup.7vdr3wg3py-m3i77s0z-f13pi4t4ln-DoDDweTl_ep-boneIWhHFKSx,GameObject,cZJsmfD5rSQv/Twdy711pryMlF8=,116,,removed no resource
d7JXcoup.AutoCommon_vbE8l8u8,d7JXcoup.7vdr3wg3py-m3i77s0z-f13pi4t4ln-DoDDweTl_ep-bonepLiSjOJo,GameObject,tO4mNYAGX/0gKcaLFSpeNRH/aOA=,110,,removed no resource
d7JXcoup.AutoCommon_vbE8l8u8,d7JXcoup.7vdr3wg3py-m3i77s0z-f13pi4t4ln-DoDDweTl_ep-bonesP3GtzWF,GameObject,jnFl4lnHqPvfRUgvmPmPbVNv2ww=,110,,removed no resource
d7JXcoup.ColliderCommon_dvQvMDXt,d7JXcoup.7vdr3wg3py-m3i77s0z-f13pi4t4ln-DoDDweTl_ep-collider,Collider,p31QsEWJv82x5epo7Xd5WyWlcII=,64,,removed no resource
d7JXcoup.ColliderCommon_pUuym3gm,d7JXcoup.7vdr3wg3py-m3i77s0z-f13pi4t4ln-qOqVsJ81-collider,Collider,4l1Wn54wEWaqtpToCYe6New40kY=,64,,
d7JXcoup.AutoCommon_fR3J7nE8,d7JXcoup.9vel9h3f3ur-m3i6ro22-txsdy9gig4-BossButcher.~@FFSKIN,Mesh,F/ZO+gmLXOe4epl4IiXzMlKh/8M=,91359,,
d7JXcoup.AutoCommon_fR3J7nE8,d7JXcoup.9vel9h3f3ur-m3i6ro22-txsdy9gig4-BossButcherWeapon.~@FFSKIN,Mesh,Umv/74K4bWX9gpLfMr1Id8FAuNQ=,42565,,
d7JXcoup.AutoCommon_fR3J7nE8,d7JXcoup.9vel9h3f3ur-m3i6ro22-txsdy9gig4-BossButcher.sk,Skeleton,mHbthKXc8kI3HPZXHuUL8d8CaHw=,2830,,
d7JXcoup.AutoCommon_fR3J7nE8,d7JXcoup.pk55p9w1ghd-m3i6rn6o-rzounuf28gf-BossButcher@SpinLoop.Anim-evented,EventAnimationClip,yUsWlVcEc/2cHnGhLvZR3BE+nHQ=,334,,
d7JXcoup.AutoCommon_fR3J7nE8,d7JXcoup.08buk1gyynm8-m3i6rj04-pm40a8y58hi-BossButcher@ChasingSmash.Anim-evented,EventAnimationClip,5t+PqjF0/8gg2rYK5VSMFX1NI4o=,191,,
d7JXcoup.AutoCommon_fR3J7nE8,d7JXcoup.94mwxvskhtu-m3o502a6-i1tcik1ojqi-BossButcher@Revival_xiu.Anim-evented,EventAnimationClip,Tz4t8KQQunsw4fPlwfDKltuYz5k=,185,,
d7JXcoup.AutoCommon_fR3J7nE8,d7JXcoup.9zcgli495b-m3i6rib8-3gbpsuodve2-BossButcher@Attack02.Anim-evented,EventAnimationClip,mgI7c2MPHvoxQTOv1Ijg4HcoL1A=,183,,
d7JXcoup.AutoCommon_fR3J7nE8,d7JXcoup.xp72d41kqk-m3i6rk08-ayhb2f4btah-BossButcher@Death01.Anim-evented,EventAnimationClip,tyLiKp7lOfP2wV5jYSe8IfFfnGs=,173,,
d7JXcoup.AutoCommon_fR3J7nE8,d7JXcoup.0ppnlcfa2ku-m3i6riqm-8biyh2fh3zm-Take 001.Anim-evented,EventAnimationClip,PpudYJ3WgMgWzqN2wJkE+X0WSuc=,157,,
d7JXcoup.AutoCommon_fR3J7nE8,d7JXcoup.fflkkpzd1r-m3i6rigp-v7v040rqmqe-Take 001.Anim-evented,EventAnimationClip,WXzVcuXA1D5RFrzIvOlVHYeeReE=,154,,
d7JXcoup.AutoCommon_fR3J7nE8,d7JXcoup.1wkvld6yja6-m3i6rilh-0ej5t1lvkkbo-Take 001.Anim-evented,EventAnimationClip,b00KBen7ytaiDE7TTG8XPwX65XA=,153,,
d7JXcoup.AutoCommon_fR3J7nE8,d7JXcoup.wc5slahqglb-m3i6rjfn-y5qrizpdelr-BossButcher@ChasingSmashStart_xiu.Anim-evented,EventAnimationClip,eH11906HMuoiUU9wu2QfWyUgEo4=,132,,
d7JXcoup.AutoCommon_fR3J7nE8,d7JXcoup.bucivyfszys-m3i6rivb-qlvmbli2frn-BossButcher@ChasingLoop_xiu.Anim-evented,EventAnimationClip,DeHgOZ/G82Nm5+fDST3xW35SMIo=,120,,
d7JXcoup.AutoCommon_fR3J7nE8,d7JXcoup.qhl59wcvzz9-m3i6rkc9-6h1rtcav04g-BossButcher@DormancyStart.Anim-evented,EventAnimationClip,8eqIxB7rh8pQuN50crnMOqVxsV8=,116,,
d7JXcoup.AutoCommon_fR3J7nE8,d7JXcoup.1lmuf93j5ti-m3i6rnqy-o27fhih8clp-BossButcher@StartChasing.Anim-evented,EventAnimationClip,aL/e8HRGYJju3fbX7lAqg4zsBt4=,114,,
d7JXcoup.AutoCommon_fR3J7nE8,d7JXcoup.7661onzriu-m3i6rn1x-0kgjjqdloask-BossButcher@SpinEnd_xiu2.Anim-evented,EventAnimationClip,mjOwctvOg/fxEc6JcXy/+7/fEQE=,114,,
d7JXcoup.AutoCommon_fR3J7nE8,d7JXcoup.gs30vt4lrtn-m3i6rlwa-2dxsyc6es1h-BossButcher@Revival_xiu.Anim-evented,EventAnimationClip,wRreJN6kvz76Ku+f9BeoQz74FCI=,112,,
d7JXcoup.AutoCommon_fR3J7nE8,d7JXcoup.2g8yc2ydoum-m3i6rk73-ddcsevu3zm-BossButcher@DormancyEnd.Anim-evented,EventAnimationClip,246o+0EUXwureMrjxsw/kjgp+6E=,111,,
d7JXcoup.AutoCommon_fR3J7nE8,d7JXcoup.mi9ldfjio8-m3i6rmwd-0h47v6ievzfl-BossButcher@SlashStart.Anim-evented,EventAnimationClip,LzWGjgj9Ma5fiIyqhJk12KelIE0=,110,,
d7JXcoup.AutoCommon_fR3J7nE8,d7JXcoup.ytlw6nd4hwm-m3i6rlbr-i9i4p1akcqq-BossButcher@LandingEnd.Anim-evented,EventAnimationClip,/5orgc2uSMXVI9NaZ3J4x7SI550=,110,,
d7JXcoup.AutoCommon_fR3J7nE8,d7JXcoup.nw2sx2pg7vg-m3i6rngi-kpkvfwqdcx-BossButcher@SpinStart.Anim-evented,EventAnimationClip,VxmHkbrZPeWgSs+4dULAGuIV000=,107,,
d7JXcoup.AutoCommon_fR3J7nE8,d7JXcoup.trghyqwdo1i-m3i6rmra-lkflsq16uj-BossButcher@SlashEnd.Anim-evented,EventAnimationClip,+Up4uDgfUBDDpL056R8gIC/bxNM=,105,,
d7JXcoup.AutoCommon_fR3J7nE8,d7JXcoup.yxo96p99fo-m3i6rm6k-afrofu32vzk-BossButcher@Rush_End.Anim-evented,EventAnimationClip,e4c47dTPdFOaozh2GK18GucguAA=,105,,
d7JXcoup.AutoCommon_fR3J7nE8,d7JXcoup.6o7vs2q9q15-m3i6rkmj-yn5w01g1fki-BossButcher@Falling.Anim-evented,EventAnimationClip,oHwp8ZaXPRN7QSnYKP+Uexr+tg0=,104,,
d7JXcoup.AutoCommon_fR3J7nE8,d7JXcoup.jlh11kkr8e-m3i6rnw2-0m42jusdtu1-BossButcher@Walk01.Anim-evented,EventAnimationClip,H7+A2qbBU8aKsHGjzgCXj1954mk=,101,,
d7JXcoup.AutoCommon_fR3J7nE8,d7JXcoup.er98g5qhjz-m3i6rkwj-m4b3jiwdv5c-BossButcher@Flinch.Anim-evented,EventAnimationClip,GVmeYy0ZfDlBk5wkwCLBuHEcLVY=,101,,
d7JXcoup.AutoCommon_fR3J7nE8,d7JXcoup.4tgg37ta83p-m3i6rmme-3pey6lx9whu-BossButcher@Slash.Anim-evented,EventAnimationClip,zGcdcWrZy0mJz6DDtk3Q3XmVdes=,100,,
d7JXcoup.AutoCommon_fR3J7nE8,d7JXcoup.1eg7qpivs1oj-m3i6rl1b-kyfk6ckrstf-BossButcher@Idle.Anim-evented,EventAnimationClip,7qsaIforI0iFhrt9O111pyPnm6E=,99,,
d7JXcoup.AutoCommon_fR3J7nE8,d7JXcoup.ld7wdlg0fq-m3i6rm1d-e5thzu4phgn-BossButcher@Run.Anim-evented,EventAnimationClip,K4KDS5w/O/hh0aNs9Rx5kqoI87g=,95,,
d7JXcoup.AutoClient_c25e3Uxl,d7JXcoup.yxo96p99fo-m3i6rm6k-afrofu32vzk-BossButcher@Rush_End.Anim,EventAnimationClip,oFHoEE2r7uSl3SgZsXjTVU1fXuY=,239359,,
d7JXcoup.AutoClient_c25e3Uxl,d7JXcoup.9zcgli495b-m3i6rib8-3gbpsuodve2-BossButcher@Attack02.Anim,EventAnimationClip,QrhI5RAhI/JN/eZISC3LLFf32gQ=,196379,,
d7JXcoup.AutoClient_c25e3Uxl,d7JXcoup.xp72d41kqk-m3i6rk08-ayhb2f4btah-BossButcher@Death01.Anim,EventAnimationClip,nKDjPvhy5aylBGc7QhCOYibWwdU=,192141,,
d7JXcoup.AutoClient_c25e3Uxl,d7JXcoup.gs30vt4lrtn-m3i6rlwa-2dxsyc6es1h-BossButcher@Revival_xiu.Anim,EventAnimationClip,ltCabhta5b0gw/P57I+qHwqvaP4=,172854,,
d7JXcoup.AutoClient_c25e3Uxl,d7JXcoup.94mwxvskhtu-m3o502a6-i1tcik1ojqi-BossButcher@Revival_xiu.Anim,EventAnimationClip,ltCabhta5b0gw/P57I+qHwqvaP4=,172854,,
d7JXcoup.AutoClient_c25e3Uxl,d7JXcoup.qhl59wcvzz9-m3i6rkc9-6h1rtcav04g-BossButcher@DormancyStart.Anim,EventAnimationClip,/XEZUNOuq3bq3pEtHffskSLU4Zw=,167314,,
d7JXcoup.AutoClient_c25e3Uxl,d7JXcoup.ytlw6nd4hwm-m3i6rlbr-i9i4p1akcqq-BossButcher@LandingEnd.Anim,EventAnimationClip,PKwcRMz6PgnJM2MjQAPidnX72RM=,150700,,
d7JXcoup.AutoClient_c25e3Uxl,d7JXcoup.pk55p9w1ghd-m3i6rn6o-rzounuf28gf-BossButcher@SpinLoop.Anim,EventAnimationClip,BFhKIJ9Ou9CkejkafdiO6XzMWpc=,123204,,
d7JXcoup.AutoClient_c25e3Uxl,d7JXcoup.nw2sx2pg7vg-m3i6rngi-kpkvfwqdcx-BossButcher@SpinStart.Anim,EventAnimationClip,IP9dkfd6BC80ORLKfRpQ5ia63FE=,116682,,
d7JXcoup.AutoClient_c25e3Uxl,d7JXcoup.1eg7qpivs1oj-m3i6rl1b-kyfk6ckrstf-BossButcher@Idle.Anim,EventAnimationClip,jtQJVoDhgbu4I3RoHQ8zKF1zDpw=,115227,,
d7JXcoup.AutoClient_c25e3Uxl,d7JXcoup.mi9ldfjio8-m3i6rmwd-0h47v6ievzfl-BossButcher@SlashStart.Anim,EventAnimationClip,n+4OWW1iMNpTI8WW1ixTM6Xu88g=,110888,,
d7JXcoup.AutoClient_c25e3Uxl,d7JXcoup.jlh11kkr8e-m3i6rnw2-0m42jusdtu1-BossButcher@Walk01.Anim,EventAnimationClip,+juLYBX3KdMHCuwcC4FUbjPtYak=,102463,,
d7JXcoup.AutoClient_c25e3Uxl,d7JXcoup.ld7wdlg0fq-m3i6rm1d-e5thzu4phgn-BossButcher@Run.Anim,EventAnimationClip,oKRR1o8OXzPGd5uqmZHg+8MyMf4=,93914,,
d7JXcoup.AutoClient_c25e3Uxl,d7JXcoup.trghyqwdo1i-m3i6rmra-lkflsq16uj-BossButcher@SlashEnd.Anim,EventAnimationClip,gvIpLxv2Vkj2eZmcQ3uov+oLJec=,90136,,
d7JXcoup.AutoClient_c25e3Uxl,d7JXcoup.2g8yc2ydoum-m3i6rk73-ddcsevu3zm-BossButcher@DormancyEnd.Anim,EventAnimationClip,YQLM0SsYePqBGJv8jkk1gMhm1iQ=,81714,,
d7JXcoup.AutoClient_c25e3Uxl,d7JXcoup.bucivyfszys-m3i6rivb-qlvmbli2frn-BossButcher@ChasingLoop_xiu.Anim,EventAnimationClip,gaRHiwpb1Ul9v0DH9v4vsiGmz0c=,81498,,
d7JXcoup.AutoClient_c25e3Uxl,d7JXcoup.08buk1gyynm8-m3i6rj04-pm40a8y58hi-BossButcher@ChasingSmash.Anim,EventAnimationClip,gzHBTw59PajtaJFP9mu1rwyMEgM=,79105,,
d7JXcoup.AutoClient_c25e3Uxl,d7JXcoup.1lmuf93j5ti-m3i6rnqy-o27fhih8clp-BossButcher@StartChasing.Anim,EventAnimationClip,gBO+pIZE59YUTem/c1SxLUX3cyk=,72188,,
d7JXcoup.AutoClient_c25e3Uxl,d7JXcoup.7661onzriu-m3i6rn1x-0kgjjqdloask-BossButcher@SpinEnd_xiu2.Anim,EventAnimationClip,JcTpfwTeYrbwsX+afmc+mUuPMpE=,71100,,
d7JXcoup.AutoClient_c25e3Uxl,d7JXcoup.wc5slahqglb-m3i6rjfn-y5qrizpdelr-BossButcher@ChasingSmashStart_xiu.Anim,EventAnimationClip,H1bzEwgZ9pUKKWOaUXGVvLMYZrE=,70054,,
d7JXcoup.AutoClient_c25e3Uxl,d7JXcoup.er98g5qhjz-m3i6rkwj-m4b3jiwdv5c-BossButcher@Flinch.Anim,EventAnimationClip,xvgEZJr7sLDyibn58tx9yAccpH0=,56963,,
d7JXcoup.AutoClient_c25e3Uxl,d7JXcoup.4tgg37ta83p-m3i6rmme-3pey6lx9whu-BossButcher@Slash.Anim,EventAnimationClip,0+C5CkwnfsEOHwngpX11zT6FFFc=,55326,,
d7JXcoup.AutoClient_c25e3Uxl,d7JXcoup.6o7vs2q9q15-m3i6rkmj-yn5w01g1fki-BossButcher@Falling.Anim,EventAnimationClip,j1GzHI79aUXX6+Lz5ri8oFO0KUE=,54660,,
d7JXcoup.AutoClient_c25e3Uxl,d7JXcoup.0ppnlcfa2ku-m3i6riqm-8biyh2fh3zm-Take 001.Anim,EventAnimationClip,8uh+5N8OTpaDuKo4HtZ8FHJL1JM=,50208,,
d7JXcoup.AutoClient_c25e3Uxl,d7JXcoup.fflkkpzd1r-m3i6rigp-v7v040rqmqe-Take 001.Anim,EventAnimationClip,NYxRuY7yuMwBZN2Sea3+rWx+u6c=,48528,,
d7JXcoup.AutoClient_c25e3Uxl,d7JXcoup.1wkvld6yja6-m3i6rilh-0ej5t1lvkkbo-Take 001.Anim,EventAnimationClip,2lvJdqU5Y93G7f3UBlly/mkSL8M=,47535,,